trade_date,index_name,close_value
2025-12-18,코스피,3994.51
2025-12-17,코스피,4056.41
2025-12-16,코스피,3999.13
2025-12-15,코스피,4090.59
2025-12-12,코스피,4167.16
2025-12-11,코스피,4110.62
2025-12-10,코스피,4135.0
2025-12-09,코스피,4143.55
2025-12-08,코스피,4154.85
2025-12-05,코스피,4100.05
2025-12-04,코스피,4028.51
2025-12-03,코스피,4036.3
2025-12-02,코스피,3994.93
2025-12-01,코스피,3920.37
2025-11-28,코스피,3926.59
2025-11-27,코스피,3986.91
2025-11-26,코스피,3960.87
2025-11-25,코스피,3857.78
2025-11-24,코스피,3846.06
2025-11-21,코스피,3853.26
2025-11-20,코스피,4004.85
2025-11-19,코스피,3929.51
2025-11-18,코스피,3953.62
2025-11-17,코스피,4089.25
2025-11-14,코스피,4011.57
2025-11-13,코스피,4170.63
2025-11-12,코스피,4150.39
2025-11-11,코스피,4106.39
2025-11-10,코스피,4073.24
2025-11-07,코스피,3953.76
2025-11-06,코스피,4026.45
2025-11-05,코스피,4004.42
2025-11-04,코스피,4121.74
2025-11-03,코스피,4221.87
2025-10-31,코스피,4107.5
2025-10-30,코스피,4086.89
2025-10-29,코스피,4081.15
2025-10-28,코스피,4010.41
2025-10-27,코스피,4042.83
2025-10-24,코스피,3941.59
2025-10-23,코스피,3845.56
2025-10-22,코스피,3883.68
2025-10-21,코스피,3823.84
2025-10-20,코스피,3814.69
2025-10-17,코스피,3748.89
2025-10-16,코스피,3748.37
2025-10-15,코스피,3657.28
2025-10-14,코스피,3561.81
2025-10-13,코스피,3584.55
2025-10-10,코스피,3610.6
2025-10-02,코스피,3549.21
2025-10-01,코스피,3455.83
2025-09-30,코스피,3424.6
2025-09-29,코스피,3431.21
2025-09-26,코스피,3386.05
2025-09-25,코스피,3471.11
2025-09-24,코스피,3472.14
2025-09-23,코스피,3486.19
2025-09-22,코스피,3468.65
2025-09-19,코스피,3445.24
2025-09-18,코스피,3461.3
2025-09-17,코스피,3413.4
2025-09-16,코스피,3449.62
2025-09-15,코스피,3407.31
2025-09-12,코스피,3395.54
2025-09-11,코스피,3344.2
2025-09-10,코스피,3314.53
2025-09-09,코스피,3260.05
2025-09-08,코스피,3219.59
2025-09-05,코스피,3205.12
2025-09-04,코스피,3200.83
2025-09-03,코스피,3184.42
2025-09-02,코스피,3172.35
2025-09-01,코스피,3142.93
2025-08-29,코스피,3186.01
2025-08-28,코스피,3196.32
2025-08-27,코스피,3187.16
2025-08-26,코스피,3179.36
2025-08-25,코스피,3209.86
2025-08-22,코스피,3168.73
2025-08-21,코스피,3141.74
2025-08-20,코스피,3130.09
2025-08-19,코스피,3151.56
2025-08-18,코스피,3177.28
2025-08-14,코스피,3225.66
2025-08-13,코스피,3224.37
2025-08-12,코스피,3189.91
2025-08-11,코스피,3206.77
2025-08-08,코스피,3210.01
2025-08-07,코스피,3227.68
2025-08-06,코스피,3198.14
2025-08-05,코스피,3198.0
2025-08-04,코스피,3147.75
2025-08-01,코스피,3119.41
2025-07-31,코스피,3245.44
2025-07-30,코스피,3254.47
2025-07-29,코스피,3230.57
2025-07-28,코스피,3209.52
2025-07-25,코스피,3196.05
2025-07-24,코스피,3190.45
2025-07-23,코스피,3183.77
2025-07-22,코스피,3169.94
2025-07-21,코스피,3210.81
2025-07-18,코스피,3188.07
2025-07-17,코스피,3192.29
2025-07-16,코스피,3186.38
2025-07-15,코스피,3215.28
2025-07-14,코스피,3202.03
2025-07-11,코스피,3175.77
2025-07-10,코스피,3183.23
2025-07-09,코스피,3133.74
2025-07-08,코스피,3114.95
2025-07-07,코스피,3059.47
2025-07-04,코스피,3054.28
2025-07-03,코스피,3116.27
2025-07-02,코스피,3075.06
2025-07-01,코스피,3089.65
2025-06-30,코스피,3071.7
2025-06-27,코스피,3055.94
2025-06-26,코스피,3079.56
2025-06-25,코스피,3108.25
2025-06-24,코스피,3103.64
2025-06-23,코스피,3014.47
2025-06-20,코스피,3021.84
2025-06-19,코스피,2977.74
2025-06-18,코스피,2972.19
2025-06-17,코스피,2950.3
2025-06-16,코스피,2946.66
2025-06-13,코스피,2894.62
2025-06-12,코스피,2920.03
2025-06-11,코스피,2907.04
2025-06-10,코스피,2871.85
2025-06-09,코스피,2855.77
2025-06-05,코스피,2812.05
2025-06-04,코스피,2770.84
2025-06-02,코스피,2698.97
2025-05-30,코스피,2697.67
2025-05-29,코스피,2720.64
2025-05-28,코스피,2670.15
2025-05-27,코스피,2637.22
2025-05-26,코스피,2644.4
2025-05-23,코스피,2592.09
2025-05-22,코스피,2593.67
2025-05-21,코스피,2625.58
2025-05-20,코스피,2601.8
2025-05-19,코스피,2603.42
2025-05-16,코스피,2626.87
2025-05-15,코스피,2621.36
2025-05-14,코스피,2640.57
2025-05-13,코스피,2608.42
2025-05-12,코스피,2607.33
2025-05-09,코스피,2577.27
2025-05-08,코스피,2579.48
2025-05-07,코스피,2573.8
2025-05-02,코스피,2559.79
2025-04-30,코스피,2556.61
2025-04-29,코스피,2565.42
2025-04-28,코스피,2548.86
2025-04-25,코스피,2546.3
2025-04-24,코스피,2522.33
2025-04-23,코스피,2525.56
2025-04-22,코스피,2486.64
2025-04-21,코스피,2488.42
2025-04-18,코스피,2483.42
2025-04-17,코스피,2470.41
2025-04-16,코스피,2447.43
2025-04-15,코스피,2477.41
2025-04-14,코스피,2455.89
2025-04-11,코스피,2432.72
2025-04-10,코스피,2445.06
2025-04-09,코스피,2293.7
2025-04-08,코스피,2334.23
2025-04-07,코스피,2328.2
2025-04-04,코스피,2465.42
2025-04-03,코스피,2486.7
2025-04-02,코스피,2505.86
2025-04-01,코스피,2521.39
2025-03-31,코스피,2481.12
2025-03-28,코스피,2557.98
2025-03-27,코스피,2607.15
2025-03-26,코스피,2643.94
2025-03-25,코스피,2615.81
2025-03-24,코스피,2632.07
2025-03-21,코스피,2643.13
2025-03-20,코스피,2637.1
2025-03-19,코스피,2628.62
2025-03-18,코스피,2612.34
2025-03-17,코스피,2610.69
2025-03-14,코스피,2566.36
2025-03-13,코스피,2573.64
2025-03-12,코스피,2574.82
2025-03-11,코스피,2537.6
2025-03-10,코스피,2570.39
2025-03-07,코스피,2563.48
2025-03-06,코스피,2576.16
2025-03-05,코스피,2558.13
2025-03-04,코스피,2528.92
2025-02-28,코스피,2532.78
2025-02-27,코스피,2621.75
2025-02-26,코스피,2641.09
2025-02-25,코스피,2630.29
2025-02-24,코스피,2645.27
2025-02-21,코스피,2654.58
2025-02-20,코스피,2654.06
2025-02-19,코스피,2671.52
2025-02-18,코스피,2626.81
2025-02-17,코스피,2610.42
2025-02-14,코스피,2591.05
2025-02-13,코스피,2583.17
2025-02-12,코스피,2548.39
2025-02-11,코스피,2539.05
2025-02-10,코스피,2521.27
2025-02-07,코스피,2521.92
2025-02-06,코스피,2536.75
2025-02-05,코스피,2509.27
2025-02-04,코스피,2481.69
2025-02-03,코스피,2453.95
2025-01-31,코스피,2517.37
2025-01-24,코스피,2536.8
2025-01-23,코스피,2515.49
2025-01-22,코스피,2547.06
2025-01-21,코스피,2518.03
2025-01-20,코스피,2520.05
2025-01-17,코스피,2523.55
2025-01-16,코스피,2527.49
2025-01-15,코스피,2496.81
2025-01-14,코스피,2497.4
2025-01-13,코스피,2489.56
2025-01-10,코스피,2515.78
2025-01-09,코스피,2521.9
2025-01-08,코스피,2521.05
2025-01-07,코스피,2492.1
2025-01-06,코스피,2488.64
2025-01-03,코스피,2441.92
2025-01-02,코스피,2398.94
2025-12-18,코스닥,901.33
2025-12-17,코스닥,911.07
2025-12-16,코스닥,916.11
2025-12-15,코스닥,938.83
2025-12-12,코스닥,937.34
2025-12-11,코스닥,934.64
2025-12-10,코스닥,935.0
2025-12-09,코스닥,931.35
2025-12-08,코스닥,927.79
2025-12-05,코스닥,924.74
2025-12-04,코스닥,929.83
2025-12-03,코스닥,932.01
2025-12-02,코스닥,928.42
2025-12-01,코스닥,922.38
2025-11-28,코스닥,912.67
2025-11-27,코스닥,880.06
2025-11-26,코스닥,877.32
2025-11-25,코스닥,856.03
2025-11-24,코스닥,856.44
2025-11-21,코스닥,863.95
2025-11-20,코스닥,891.94
2025-11-19,코스닥,871.32
2025-11-18,코스닥,878.7
2025-11-17,코스닥,902.67
2025-11-14,코스닥,897.9
2025-11-13,코스닥,918.37
2025-11-12,코스닥,906.51
2025-11-11,코스닥,884.27
2025-11-10,코스닥,888.35
2025-11-07,코스닥,876.81
2025-11-06,코스닥,898.17
2025-11-05,코스닥,901.89
2025-11-04,코스닥,926.57
2025-11-03,코스닥,914.55
2025-10-31,코스닥,900.42
2025-10-30,코스닥,890.86
2025-10-29,코스닥,901.59
2025-10-28,코스닥,903.3
2025-10-27,코스닥,902.7
2025-10-24,코스닥,883.08
2025-10-23,코스닥,872.03
2025-10-22,코스닥,879.15
2025-10-21,코스닥,872.5
2025-10-20,코스닥,875.77
2025-10-17,코스닥,859.54
2025-10-16,코스닥,865.41
2025-10-15,코스닥,864.72
2025-10-14,코스닥,847.96
2025-10-13,코스닥,860.49
2025-10-10,코스닥,859.49
2025-10-02,코스닥,854.25
2025-10-01,코스닥,845.34
2025-09-30,코스닥,841.99
2025-09-29,코스닥,846.71
2025-09-26,코스닥,835.19
2025-09-25,코스닥,852.48
2025-09-24,코스닥,860.94
2025-09-23,코스닥,872.21
2025-09-22,코스닥,874.36
2025-09-19,코스닥,863.11
2025-09-18,코스닥,857.11
2025-09-17,코스닥,845.53
2025-09-16,코스닥,851.84
2025-09-15,코스닥,852.69
2025-09-12,코스닥,847.08
2025-09-11,코스닥,834.76
2025-09-10,코스닥,833.0
2025-09-09,코스닥,824.82
2025-09-08,코스닥,818.6
2025-09-05,코스닥,811.4
2025-09-04,코스닥,805.42
2025-09-03,코스닥,796.81
2025-09-02,코스닥,794.0
2025-09-01,코스닥,785.0
2025-08-29,코스닥,796.91
2025-08-28,코스닥,798.43
2025-08-27,코스닥,801.72
2025-08-26,코스닥,801.66
2025-08-25,코스닥,798.02
2025-08-22,코스닥,782.51
2025-08-21,코스닥,777.24
2025-08-20,코스닥,777.61
2025-08-19,코스닥,787.96
2025-08-18,코스닥,798.05
2025-08-14,코스닥,815.26
2025-08-13,코스닥,814.1
2025-08-12,코스닥,807.19
2025-08-11,코스닥,811.85
2025-08-08,코스닥,809.27
2025-08-07,코스닥,805.81
2025-08-06,코스닥,803.49
2025-08-05,코스닥,798.6
2025-08-04,코스닥,784.06
2025-08-01,코스닥,772.79
2025-07-31,코스닥,805.24
2025-07-30,코스닥,803.67
2025-07-29,코스닥,804.45
2025-07-28,코스닥,804.4
2025-07-25,코스닥,806.95
2025-07-24,코스닥,809.89
2025-07-23,코스닥,813.56
2025-07-22,코스닥,812.97
2025-07-21,코스닥,821.69
2025-07-18,코스닥,820.67
2025-07-17,코스닥,818.27
2025-07-16,코스닥,812.23
2025-07-15,코스닥,812.88
2025-07-14,코스닥,799.37
2025-07-11,코스닥,800.47
2025-07-10,코스닥,797.7
2025-07-09,코스닥,790.36
2025-07-08,코스닥,784.24
2025-07-07,코스닥,778.46
2025-07-04,코스닥,775.8
2025-07-03,코스닥,793.33
2025-07-02,코스닥,782.17
2025-07-01,코스닥,783.67
2025-06-30,코스닥,781.5
2025-06-27,코스닥,781.56
2025-06-26,코스닥,787.95
2025-06-25,코스닥,798.21
2025-06-24,코스닥,800.93
2025-06-23,코스닥,784.79
2025-06-20,코스닥,791.53
2025-06-19,코스닥,782.51
2025-06-18,코스닥,779.73
2025-06-17,코스닥,775.65
2025-06-16,코스닥,777.26
2025-06-13,코스닥,768.86
2025-06-12,코스닥,789.45
2025-06-11,코스닥,786.29
2025-06-10,코스닥,771.2
2025-06-09,코스닥,764.21
2025-06-05,코스닥,756.23
2025-06-04,코스닥,750.21
2025-06-02,코스닥,740.29
2025-05-30,코스닥,734.35
2025-05-29,코스닥,736.29
2025-05-28,코스닥,728.79
2025-05-27,코스닥,727.11
2025-05-26,코스닥,725.27
2025-05-23,코스닥,715.98
2025-05-22,코스닥,717.67
2025-05-21,코스닥,723.62
2025-05-20,코스닥,715.55
2025-05-19,코스닥,713.75
2025-05-16,코스닥,725.07
2025-05-15,코스닥,733.23
2025-05-14,코스닥,739.05
2025-05-13,코스닥,731.88
2025-05-12,코스닥,725.4
2025-05-09,코스닥,722.52
2025-05-08,코스닥,729.59
2025-05-07,코스닥,722.81
2025-05-02,코스닥,721.86
2025-04-30,코스닥,717.24
2025-04-29,코스닥,726.46
2025-04-28,코스닥,719.41
2025-04-25,코스닥,729.69
2025-04-24,코스닥,726.08
2025-04-23,코스닥,726.08
2025-04-22,코스닥,716.12
2025-04-21,코스닥,715.45
2025-04-18,코스닥,717.77
2025-04-17,코스닥,711.75
2025-04-16,코스닥,699.11
2025-04-15,코스닥,711.92
2025-04-14,코스닥,708.98
2025-04-11,코스닥,695.59
2025-04-10,코스닥,681.79
2025-04-09,코스닥,643.39
2025-04-08,코스닥,658.45
2025-04-07,코스닥,651.3
2025-04-04,코스닥,687.39
2025-04-03,코스닥,683.49
2025-04-02,코스닥,684.85
2025-04-01,코스닥,691.45
2025-03-31,코스닥,672.85
2025-03-28,코스닥,693.76
2025-03-27,코스닥,707.49
2025-03-26,코스닥,716.48
2025-03-25,코스닥,711.26
2025-03-24,코스닥,720.22
2025-03-21,코스닥,719.41
2025-03-20,코스닥,725.15
2025-03-19,코스닥,738.35
2025-03-18,코스닥,745.54
2025-03-17,코스닥,743.51
2025-03-14,코스닥,734.26
2025-03-13,코스닥,722.8
2025-03-12,코스닥,729.49
2025-03-11,코스닥,721.5
2025-03-10,코스닥,725.82
2025-03-07,코스닥,727.7
2025-03-06,코스닥,734.92
2025-03-05,코스닥,746.95
2025-03-04,코스닥,737.9
2025-02-28,코스닥,743.96
2025-02-27,코스닥,770.85
2025-02-26,코스닥,771.41
2025-02-25,코스닥,769.43
2025-02-24,코스닥,773.33
2025-02-21,코스닥,774.65
2025-02-20,코스닥,768.27
2025-02-19,코스닥,778.27
2025-02-18,코스닥,773.65
2025-02-17,코스닥,768.48
2025-02-14,코스닥,756.32
2025-02-13,코스닥,749.28
2025-02-12,코스닥,745.18
2025-02-11,코스닥,749.59
2025-02-10,코스닥,749.67
2025-02-07,코스닥,742.9
2025-02-06,코스닥,740.32
2025-02-05,코스닥,730.98
2025-02-04,코스닥,719.92
2025-02-03,코스닥,703.8
2025-01-31,코스닥,728.29
2025-01-24,코스닥,728.74
2025-01-23,코스닥,724.01
2025-01-22,코스닥,732.31
2025-01-21,코스닥,726.07
2025-01-20,코스닥,727.66
2025-01-17,코스닥,724.69
2025-01-16,코스닥,724.24
2025-01-15,코스닥,711.61
2025-01-14,코스닥,718.04
2025-01-13,코스닥,708.21
2025-01-10,코스닥,717.89
2025-01-09,코스닥,723.52
2025-01-08,코스닥,719.63
2025-01-07,코스닥,718.29
2025-01-06,코스닥,717.96
2025-01-03,코스닥,705.76
2025-01-02,코스닥,686.63
