portfolio_id,stock_id,stock_name,buy_price,quantity
PF06_0001,S06_027,SYNTH_STOCK_27,24633.81,65
PF06_0002,S06_028,SYNTH_STOCK_28,63905.46,328
PF06_0003,S06_015,SYNTH_STOCK_15,63627.02,494
PF06_0004,S06_009,SYNTH_STOCK_09,58730.4,400
PF06_0005,S06_026,SYNTH_STOCK_26,63857.1,210
PF06_0006,S06_016,SYNTH_STOCK_16,82793.84,487
PF06_0007,S06_005,SYNTH_STOCK_05,29248.17,256
PF06_0008,S06_006,SYNTH_STOCK_06,42209.44,492
PF06_0009,S06_007,SYNTH_STOCK_07,51352.31,17
PF06_0010,S06_018,SYNTH_STOCK_18,31729.98,430
PF06_0011,S06_021,SYNTH_STOCK_21,57049.58,5
PF06_0012,S06_002,SYNTH_STOCK_02,53538.17,266
PF06_0013,S06_004,SYNTH_STOCK_04,27603.58,205
PF06_0014,S06_011,SYNTH_STOCK_11,37895.61,52
PF06_0015,S06_008,SYNTH_STOCK_08,45575.39,362
PF06_0016,S06_023,SYNTH_STOCK_23,18899.1,454
PF06_0017,S06_025,SYNTH_STOCK_25,74461.17,306
PF06_0018,S06_014,SYNTH_STOCK_14,25751.47,437
PF06_0019,S06_012,SYNTH_STOCK_12,57041.18,7
PF06_0020,S06_019,SYNTH_STOCK_19,79655.92,436
PF06_0021,S06_020,SYNTH_STOCK_20,58813.53,169
PF06_0022,S06_003,SYNTH_STOCK_03,33244.47,145
PF06_0023,S06_022,SYNTH_STOCK_22,63513.68,151
PF06_0024,S06_024,SYNTH_STOCK_24,24727.09,451
PF06_0025,S06_029,SYNTH_STOCK_29,38269.09,145
PF06_0026,S06_010,SYNTH_STOCK_10,76086.41,442
PF06_0027,S06_030,SYNTH_STOCK_30,59948.49,283
PF06_0028,S06_001,SYNTH_STOCK_01,49315.25,280
PF06_0029,S06_013,SYNTH_STOCK_13,44823.93,244
PF06_0030,S06_017,SYNTH_STOCK_17,48460.24,361
PF06_0031,S06_022,SYNTH_STOCK_22,74149.53,198
PF06_0032,S06_004,SYNTH_STOCK_04,24157.7,124
PF06_0033,S06_002,SYNTH_STOCK_02,52482.49,82
PF06_0034,S06_006,SYNTH_STOCK_06,43873.08,350
PF06_0035,S06_018,SYNTH_STOCK_18,32048.04,147
PF06_0036,S06_026,SYNTH_STOCK_26,62222.65,289
PF06_0037,S06_013,SYNTH_STOCK_13,52980.66,22
PF06_0038,S06_012,SYNTH_STOCK_12,60177.0,149
PF06_0039,S06_025,SYNTH_STOCK_25,76416.35,376
PF06_0040,S06_007,SYNTH_STOCK_07,52787.38,303
PF06_0041,S06_027,SYNTH_STOCK_27,23924.28,318
PF06_0042,S06_030,SYNTH_STOCK_30,59914.82,137
PF06_0043,S06_029,SYNTH_STOCK_29,38180.97,209
PF06_0044,S06_015,SYNTH_STOCK_15,62010.68,32
PF06_0045,S06_021,SYNTH_STOCK_21,48860.51,381
PF06_0046,S06_001,SYNTH_STOCK_01,49613.07,107
PF06_0047,S06_011,SYNTH_STOCK_11,37207.73,117
PF06_0048,S06_005,SYNTH_STOCK_05,27641.57,54
PF06_0049,S06_019,SYNTH_STOCK_19,74385.72,349
PF06_0050,S06_016,SYNTH_STOCK_16,73400.18,307
PF06_0051,S06_009,SYNTH_STOCK_09,52189.41,267
PF06_0052,S06_014,SYNTH_STOCK_14,24889.88,341
PF06_0053,S06_028,SYNTH_STOCK_28,63891.37,307
PF06_0054,S06_003,SYNTH_STOCK_03,28403.45,122
PF06_0055,S06_024,SYNTH_STOCK_24,24026.03,308
PF06_0056,S06_020,SYNTH_STOCK_20,42246.19,83
PF06_0057,S06_008,SYNTH_STOCK_08,57297.72,436
PF06_0058,S06_010,SYNTH_STOCK_10,73430.33,281
PF06_0059,S06_017,SYNTH_STOCK_17,34558.28,318
PF06_0060,S06_023,SYNTH_STOCK_23,27070.89,108
PF06_0061,S06_005,SYNTH_STOCK_05,28597.76,308
PF06_0062,S06_008,SYNTH_STOCK_08,53338.07,238
PF06_0063,S06_028,SYNTH_STOCK_28,63786.15,321
PF06_0064,S06_009,SYNTH_STOCK_09,52461.98,130
PF06_0065,S06_018,SYNTH_STOCK_18,26317.5,319
PF06_0066,S06_020,SYNTH_STOCK_20,70973.09,57
PF06_0067,S06_023,SYNTH_STOCK_23,28943.79,20
PF06_0068,S06_021,SYNTH_STOCK_21,76877.24,308
PF06_0069,S06_007,SYNTH_STOCK_07,43307.62,360
PF06_0070,S06_012,SYNTH_STOCK_12,52231.52,290
PF06_0071,S06_003,SYNTH_STOCK_03,29601.95,389
PF06_0072,S06_017,SYNTH_STOCK_17,43875.12,205
PF06_0073,S06_016,SYNTH_STOCK_16,98754.37,161
PF06_0074,S06_006,SYNTH_STOCK_06,42723.35,105
PF06_0075,S06_001,SYNTH_STOCK_01,43014.12,42
PF06_0076,S06_025,SYNTH_STOCK_25,75881.33,425
PF06_0077,S06_013,SYNTH_STOCK_13,39091.94,200
PF06_0078,S06_024,SYNTH_STOCK_24,24550.94,427
PF06_0079,S06_019,SYNTH_STOCK_19,74378.25,440
PF06_0080,S06_015,SYNTH_STOCK_15,69870.9,45
PF06_0081,S06_002,SYNTH_STOCK_02,52981.22,326
PF06_0082,S06_011,SYNTH_STOCK_11,37591.98,35
PF06_0083,S06_026,SYNTH_STOCK_26,64178.43,420
PF06_0084,S06_027,SYNTH_STOCK_27,25619.62,313
PF06_0085,S06_030,SYNTH_STOCK_30,59851.93,418
PF06_0086,S06_022,SYNTH_STOCK_22,67412.05,93
PF06_0087,S06_010,SYNTH_STOCK_10,72015.59,34
PF06_0088,S06_029,SYNTH_STOCK_29,38356.68,285
PF06_0089,S06_014,SYNTH_STOCK_14,23799.38,58
PF06_0090,S06_004,SYNTH_STOCK_04,24111.33,174
PF06_0091,S06_021,SYNTH_STOCK_21,47725.31,98
PF06_0092,S06_011,SYNTH_STOCK_11,37475.03,216
PF06_0093,S06_007,SYNTH_STOCK_07,60273.94,272
PF06_0094,S06_010,SYNTH_STOCK_10,68939.12,155
PF06_0095,S06_004,SYNTH_STOCK_04,26206.16,460
PF06_0096,S06_005,SYNTH_STOCK_05,27797.91,445
PF06_0097,S06_016,SYNTH_STOCK_16,76007.95,352
PF06_0098,S06_027,SYNTH_STOCK_27,24687.64,441
PF06_0099,S06_008,SYNTH_STOCK_08,43944.74,281
PF06_0100,S06_022,SYNTH_STOCK_22,47434.48,438
PF06_0101,S06_003,SYNTH_STOCK_03,26885.58,174
PF06_0102,S06_023,SYNTH_STOCK_23,23555.29,253
PF06_0103,S06_018,SYNTH_STOCK_18,34526.46,55
PF06_0104,S06_024,SYNTH_STOCK_24,24027.31,260
PF06_0105,S06_009,SYNTH_STOCK_09,59656.97,48
PF06_0106,S06_026,SYNTH_STOCK_26,63366.59,167
PF06_0107,S06_001,SYNTH_STOCK_01,48172.53,307
PF06_0108,S06_025,SYNTH_STOCK_25,72908.33,338
PF06_0109,S06_015,SYNTH_STOCK_15,63099.52,275
PF06_0110,S06_030,SYNTH_STOCK_30,61868.31,87
PF06_0111,S06_006,SYNTH_STOCK_06,42004.58,215
PF06_0112,S06_028,SYNTH_STOCK_28,63609.71,193
PF06_0113,S06_013,SYNTH_STOCK_13,45076.78,466
PF06_0114,S06_019,SYNTH_STOCK_19,110445.25,35
PF06_0115,S06_014,SYNTH_STOCK_14,24396.64,396
PF06_0116,S06_020,SYNTH_STOCK_20,40953.25,316
PF06_0117,S06_012,SYNTH_STOCK_12,59614.87,462
PF06_0118,S06_002,SYNTH_STOCK_02,53623.72,369
PF06_0119,S06_029,SYNTH_STOCK_29,37609.98,300
PF06_0120,S06_017,SYNTH_STOCK_17,47903.25,70
PF06_0121,S06_008,SYNTH_STOCK_08,58484.49,489
PF06_0122,S06_006,SYNTH_STOCK_06,44696.72,306
PF06_0123,S06_005,SYNTH_STOCK_05,30734.58,270
PF06_0124,S06_001,SYNTH_STOCK_01,50610.9,300
PF06_0125,S06_004,SYNTH_STOCK_04,26046.86,190
PF06_0126,S06_020,SYNTH_STOCK_20,36436.16,296
PF06_0127,S06_019,SYNTH_STOCK_19,109020.58,263
PF06_0128,S06_013,SYNTH_STOCK_13,47954.71,465
PF06_0129,S06_028,SYNTH_STOCK_28,64794.89,72
PF06_0130,S06_022,SYNTH_STOCK_22,62618.09,10
PF06_0131,S06_007,SYNTH_STOCK_07,51182.73,26
PF06_0132,S06_014,SYNTH_STOCK_14,24327.99,197
PF06_0133,S06_030,SYNTH_STOCK_30,59060.58,460
PF06_0134,S06_015,SYNTH_STOCK_15,61408.9,210
PF06_0135,S06_011,SYNTH_STOCK_11,42675.15,218
PF06_0136,S06_027,SYNTH_STOCK_27,23812.54,7
PF06_0137,S06_026,SYNTH_STOCK_26,63065.51,409
PF06_0138,S06_009,SYNTH_STOCK_09,59657.42,481
PF06_0139,S06_002,SYNTH_STOCK_02,53458.72,102
PF06_0140,S06_025,SYNTH_STOCK_25,72226.77,278
PF06_0141,S06_024,SYNTH_STOCK_24,23782.4,56
PF06_0142,S06_017,SYNTH_STOCK_17,38772.18,215
PF06_0143,S06_012,SYNTH_STOCK_12,63969.04,216
PF06_0144,S06_003,SYNTH_STOCK_03,25527.62,380
PF06_0145,S06_010,SYNTH_STOCK_10,69389.07,202
PF06_0146,S06_021,SYNTH_STOCK_21,47831.2,191
PF06_0147,S06_016,SYNTH_STOCK_16,73514.52,415
PF06_0148,S06_023,SYNTH_STOCK_23,25521.46,234
PF06_0149,S06_018,SYNTH_STOCK_18,39039.97,490
PF06_0150,S06_029,SYNTH_STOCK_29,37805.92,377
PF06_0151,S06_022,SYNTH_STOCK_22,66683.8,5
PF06_0152,S06_026,SYNTH_STOCK_26,62262.9,264
PF06_0153,S06_006,SYNTH_STOCK_06,47361.52,184
PF06_0154,S06_019,SYNTH_STOCK_19,78536.85,298
PF06_0155,S06_002,SYNTH_STOCK_02,51451.47,341
PF06_0156,S06_012,SYNTH_STOCK_12,72187.13,388
PF06_0157,S06_018,SYNTH_STOCK_18,31948.6,251
PF06_0158,S06_015,SYNTH_STOCK_15,61994.05,354
PF06_0159,S06_017,SYNTH_STOCK_17,34573.53,105
PF06_0160,S06_007,SYNTH_STOCK_07,45139.9,449
PF06_0161,S06_025,SYNTH_STOCK_25,72186.29,451
PF06_0162,S06_011,SYNTH_STOCK_11,37112.1,142
PF06_0163,S06_021,SYNTH_STOCK_21,42533.76,499
PF06_0164,S06_010,SYNTH_STOCK_10,66367.34,463
PF06_0165,S06_004,SYNTH_STOCK_04,25257.01,431
PF06_0166,S06_008,SYNTH_STOCK_08,56396.16,56
PF06_0167,S06_029,SYNTH_STOCK_29,38357.11,375
PF06_0168,S06_028,SYNTH_STOCK_28,63605.63,137
PF06_0169,S06_023,SYNTH_STOCK_23,19052.97,131
PF06_0170,S06_013,SYNTH_STOCK_13,44427.46,41
PF06_0171,S06_024,SYNTH_STOCK_24,24845.56,145
PF06_0172,S06_009,SYNTH_STOCK_09,50873.88,232
PF06_0173,S06_030,SYNTH_STOCK_30,60658.41,435
PF06_0174,S06_005,SYNTH_STOCK_05,27586.17,204
PF06_0175,S06_003,SYNTH_STOCK_03,32639.87,450
PF06_0176,S06_027,SYNTH_STOCK_27,23443.65,48
PF06_0177,S06_001,SYNTH_STOCK_01,48942.49,93
PF06_0178,S06_016,SYNTH_STOCK_16,74697.6,283
PF06_0179,S06_014,SYNTH_STOCK_14,27402.74,309
PF06_0180,S06_020,SYNTH_STOCK_20,45540.68,449
PF06_0181,S06_015,SYNTH_STOCK_15,68474.63,293
PF06_0182,S06_013,SYNTH_STOCK_13,50268.09,301
PF06_0183,S06_018,SYNTH_STOCK_18,38577.14,437
PF06_0184,S06_024,SYNTH_STOCK_24,23605.77,210
PF06_0185,S06_006,SYNTH_STOCK_06,48588.32,172
PF06_0186,S06_028,SYNTH_STOCK_28,63928.57,247
PF06_0187,S06_014,SYNTH_STOCK_14,23608.92,90
PF06_0188,S06_002,SYNTH_STOCK_02,54505.54,89
PF06_0189,S06_003,SYNTH_STOCK_03,31225.49,409
PF06_0190,S06_023,SYNTH_STOCK_23,19236.33,422
PF06_0191,S06_019,SYNTH_STOCK_19,81318.26,427
PF06_0192,S06_008,SYNTH_STOCK_08,58777.13,54
PF06_0193,S06_017,SYNTH_STOCK_17,34765.2,201
PF06_0194,S06_004,SYNTH_STOCK_04,27182.03,190
PF06_0195,S06_020,SYNTH_STOCK_20,58343.42,340
PF06_0196,S06_005,SYNTH_STOCK_05,31420.35,387
PF06_0197,S06_027,SYNTH_STOCK_27,24268.79,131
PF06_0198,S06_030,SYNTH_STOCK_30,58283.75,403
PF06_0199,S06_022,SYNTH_STOCK_22,46948.58,275
PF06_0200,S06_021,SYNTH_STOCK_21,53767.82,188
PF06_0201,S06_029,SYNTH_STOCK_29,37978.47,413
PF06_0202,S06_026,SYNTH_STOCK_26,65200.24,191
PF06_0203,S06_012,SYNTH_STOCK_12,73719.88,332
PF06_0204,S06_011,SYNTH_STOCK_11,37834.02,167
PF06_0205,S06_016,SYNTH_STOCK_16,68359.45,410
PF06_0206,S06_025,SYNTH_STOCK_25,77619.37,280
PF06_0207,S06_009,SYNTH_STOCK_09,52039.38,403
PF06_0208,S06_001,SYNTH_STOCK_01,51319.81,98
PF06_0209,S06_007,SYNTH_STOCK_07,50835.61,167
PF06_0210,S06_010,SYNTH_STOCK_10,61332.72,99
PF06_0211,S06_014,SYNTH_STOCK_14,26243.02,145
PF06_0212,S06_015,SYNTH_STOCK_15,57402.43,282
PF06_0213,S06_011,SYNTH_STOCK_11,37116.08,490
PF06_0214,S06_009,SYNTH_STOCK_09,50769.26,48
PF06_0215,S06_023,SYNTH_STOCK_23,31267.32,26
PF06_0216,S06_013,SYNTH_STOCK_13,51708.47,252
PF06_0217,S06_005,SYNTH_STOCK_05,29044.67,9
PF06_0218,S06_006,SYNTH_STOCK_06,48687.53,260
PF06_0219,S06_010,SYNTH_STOCK_10,74350.74,351
PF06_0220,S06_028,SYNTH_STOCK_28,61739.54,390
PF06_0221,S06_012,SYNTH_STOCK_12,75842.76,373
PF06_0222,S06_024,SYNTH_STOCK_24,24818.61,401
PF06_0223,S06_003,SYNTH_STOCK_03,26522.6,127
PF06_0224,S06_025,SYNTH_STOCK_25,74059.22,295
PF06_0225,S06_018,SYNTH_STOCK_18,30800.04,428
PF06_0226,S06_002,SYNTH_STOCK_02,54706.26,134
PF06_0227,S06_030,SYNTH_STOCK_30,61222.72,494
PF06_0228,S06_016,SYNTH_STOCK_16,90502.82,95
PF06_0229,S06_001,SYNTH_STOCK_01,50421.93,78
PF06_0230,S06_019,SYNTH_STOCK_19,112524.99,67
PF06_0231,S06_027,SYNTH_STOCK_27,25758.21,219
PF06_0232,S06_008,SYNTH_STOCK_08,51129.31,104
PF06_0233,S06_021,SYNTH_STOCK_21,45253.8,213
PF06_0234,S06_007,SYNTH_STOCK_07,58965.68,18
PF06_0235,S06_004,SYNTH_STOCK_04,23772.9,282
PF06_0236,S06_026,SYNTH_STOCK_26,64728.46,43
PF06_0237,S06_029,SYNTH_STOCK_29,37062.73,272
PF06_0238,S06_022,SYNTH_STOCK_22,50494.08,351
PF06_0239,S06_020,SYNTH_STOCK_20,41081.07,261
PF06_0240,S06_017,SYNTH_STOCK_17,42522.94,137
PF06_0241,S06_010,SYNTH_STOCK_10,58839.54,336
PF06_0242,S06_013,SYNTH_STOCK_13,49293.5,364
PF06_0243,S06_030,SYNTH_STOCK_30,60730.72,450
PF06_0244,S06_001,SYNTH_STOCK_01,50564.23,52
PF06_0245,S06_018,SYNTH_STOCK_18,31862.88,321
PF06_0246,S06_019,SYNTH_STOCK_19,107779.34,80
PF06_0247,S06_025,SYNTH_STOCK_25,73253.36,301
PF06_0248,S06_014,SYNTH_STOCK_14,24854.43,267
PF06_0249,S06_012,SYNTH_STOCK_12,52464.98,485
PF06_0250,S06_017,SYNTH_STOCK_17,33675.44,63
PF06_0251,S06_029,SYNTH_STOCK_29,37820.49,297
PF06_0252,S06_016,SYNTH_STOCK_16,75275.84,187
PF06_0253,S06_028,SYNTH_STOCK_28,61357.41,398
PF06_0254,S06_006,SYNTH_STOCK_06,38396.13,200
PF06_0255,S06_022,SYNTH_STOCK_22,48346.2,455
PF06_0256,S06_004,SYNTH_STOCK_04,26713.68,393
PF06_0257,S06_008,SYNTH_STOCK_08,56421.54,356
PF06_0258,S06_005,SYNTH_STOCK_05,31818.9,31
PF06_0259,S06_026,SYNTH_STOCK_26,63000.87,154
PF06_0260,S06_015,SYNTH_STOCK_15,63757.79,118
PF06_0261,S06_023,SYNTH_STOCK_23,25197.28,11
PF06_0262,S06_024,SYNTH_STOCK_24,24685.83,321
PF06_0263,S06_002,SYNTH_STOCK_02,50537.63,241
PF06_0264,S06_011,SYNTH_STOCK_11,37504.48,10
PF06_0265,S06_009,SYNTH_STOCK_09,52826.68,241
PF06_0266,S06_007,SYNTH_STOCK_07,43342.9,22
PF06_0267,S06_020,SYNTH_STOCK_20,75225.42,110
PF06_0268,S06_003,SYNTH_STOCK_03,28089.09,355
PF06_0269,S06_021,SYNTH_STOCK_21,65240.51,418
PF06_0270,S06_027,SYNTH_STOCK_27,24379.61,246
PF06_0271,S06_002,SYNTH_STOCK_02,52277.02,125
PF06_0272,S06_028,SYNTH_STOCK_28,63524.35,224
PF06_0273,S06_023,SYNTH_STOCK_23,33499.44,251
PF06_0274,S06_010,SYNTH_STOCK_10,57642.91,169
PF06_0275,S06_015,SYNTH_STOCK_15,68106.22,201
PF06_0276,S06_003,SYNTH_STOCK_03,29148.22,278
PF06_0277,S06_004,SYNTH_STOCK_04,25689.35,51
PF06_0278,S06_009,SYNTH_STOCK_09,48219.18,436
PF06_0279,S06_005,SYNTH_STOCK_05,26792.52,81
PF06_0280,S06_030,SYNTH_STOCK_30,61117.57,240
PF06_0281,S06_019,SYNTH_STOCK_19,104246.54,103
PF06_0282,S06_027,SYNTH_STOCK_27,22759.18,455
PF06_0283,S06_001,SYNTH_STOCK_01,49890.38,407
PF06_0284,S06_025,SYNTH_STOCK_25,73701.76,241
PF06_0285,S06_008,SYNTH_STOCK_08,46203.55,216
PF06_0286,S06_014,SYNTH_STOCK_14,24282.52,221
PF06_0287,S06_012,SYNTH_STOCK_12,75916.55,163
PF06_0288,S06_021,SYNTH_STOCK_21,64151.91,77
PF06_0289,S06_011,SYNTH_STOCK_11,36526.14,494
PF06_0290,S06_020,SYNTH_STOCK_20,60654.43,22
PF06_0291,S06_007,SYNTH_STOCK_07,60553.4,359
PF06_0292,S06_018,SYNTH_STOCK_18,32746.73,132
PF06_0293,S06_029,SYNTH_STOCK_29,38229.71,106
PF06_0294,S06_026,SYNTH_STOCK_26,63188.22,21
PF06_0295,S06_017,SYNTH_STOCK_17,33256.83,79
PF06_0296,S06_013,SYNTH_STOCK_13,47467.41,60
PF06_0297,S06_016,SYNTH_STOCK_16,80523.53,124
PF06_0298,S06_022,SYNTH_STOCK_22,47796.19,158
PF06_0299,S06_006,SYNTH_STOCK_06,36643.36,342
PF06_0300,S06_024,SYNTH_STOCK_24,23990.45,197
