position_id,ticker,name,buy_price,quantity,close_price,pnl,pnl_pct
PF06_0163,S06_021,SYNTH_STOCK_21,42533.76,499,72404.8,14905648.96,70.23
PF06_0065,S06_018,SYNTH_STOCK_18,26317.5,319,43502.68,5482072.42,65.3
PF06_0016,S06_023,SYNTH_STOCK_23,18899.1,454,31178.69,5574933.86,64.97
PF06_0169,S06_023,SYNTH_STOCK_23,19052.97,131,31178.69,1588469.32,63.64
PF06_0190,S06_023,SYNTH_STOCK_23,19236.33,422,31178.69,5039675.92,62.08
PF06_0233,S06_021,SYNTH_STOCK_21,45253.8,213,72404.8,5783163.0,60.0
PF06_0069,S06_007,SYNTH_STOCK_07,43307.62,360,68912.12,9217620.0,59.12
PF06_0266,S06_007,SYNTH_STOCK_07,43342.9,22,68912.12,562522.84,58.99
PF06_0160,S06_007,SYNTH_STOCK_07,45139.9,449,68912.12,10673726.78,52.66
PF06_0299,S06_006,SYNTH_STOCK_06,36643.36,342,55732.73,6528564.54,52.1
PF06_0091,S06_021,SYNTH_STOCK_21,47725.31,98,72404.8,2418590.02,51.71
PF06_0146,S06_021,SYNTH_STOCK_21,47831.2,191,72404.8,4693557.6,51.38
PF06_0126,S06_020,SYNTH_STOCK_20,36436.16,296,54438.64,5328734.08,49.41
PF06_0045,S06_021,SYNTH_STOCK_21,48860.51,381,72404.8,8970374.49,48.19
PF06_0254,S06_006,SYNTH_STOCK_06,38396.13,200,55732.73,3467320.0,45.15
PF06_0225,S06_018,SYNTH_STOCK_18,30800.04,428,43502.68,5436729.92,41.24
PF06_0144,S06_003,SYNTH_STOCK_03,25527.62,380,35655.53,3848605.8,39.67
PF06_0075,S06_001,SYNTH_STOCK_01,43014.12,42,59438.45,689821.86,38.18
PF06_0010,S06_018,SYNTH_STOCK_18,31729.98,430,43502.68,5062261.0,37.1
PF06_0245,S06_018,SYNTH_STOCK_18,31862.88,321,43502.68,3736375.8,36.53
PF06_0157,S06_018,SYNTH_STOCK_18,31948.6,251,43502.68,2900074.08,36.16
PF06_0099,S06_008,SYNTH_STOCK_08,43944.74,281,59748.28,4440794.74,35.96
PF06_0035,S06_018,SYNTH_STOCK_18,32048.04,147,43502.68,1683832.08,35.74
PF06_0279,S06_005,SYNTH_STOCK_05,26792.52,81,36321.0,771806.88,35.56
PF06_0209,S06_007,SYNTH_STOCK_07,50835.61,167,68912.12,3018777.17,35.56
PF06_0200,S06_021,SYNTH_STOCK_21,53767.82,188,72404.8,3503752.24,34.66
PF06_0131,S06_007,SYNTH_STOCK_07,51182.73,26,68912.12,460964.14,34.64
PF06_0223,S06_003,SYNTH_STOCK_03,26522.6,127,35655.53,1159882.11,34.43
PF06_0009,S06_007,SYNTH_STOCK_07,51352.31,17,68912.12,298516.77,34.19
PF06_0235,S06_004,SYNTH_STOCK_04,23772.9,282,31664.95,2225558.1,33.2
PF06_0116,S06_020,SYNTH_STOCK_20,40953.25,316,54438.64,4261383.24,32.93
PF06_0292,S06_018,SYNTH_STOCK_18,32746.73,132,43502.68,1419785.4,32.85
PF06_0111,S06_006,SYNTH_STOCK_06,42004.58,215,55732.73,2951552.25,32.68
PF06_0101,S06_003,SYNTH_STOCK_03,26885.58,174,35655.53,1525971.3,32.62
PF06_0239,S06_020,SYNTH_STOCK_20,41081.07,261,54438.64,3486325.77,32.52
PF06_0102,S06_023,SYNTH_STOCK_23,23555.29,253,31178.69,1928720.2,32.36
PF06_0008,S06_006,SYNTH_STOCK_06,42209.44,492,55732.73,6653458.68,32.04
PF06_0174,S06_005,SYNTH_STOCK_05,27586.17,204,36321.0,1781905.32,31.66
PF06_0048,S06_005,SYNTH_STOCK_05,27641.57,54,36321.0,468689.22,31.4
PF06_0090,S06_004,SYNTH_STOCK_04,24111.33,174,31664.95,1314329.88,31.33
PF06_0015,S06_008,SYNTH_STOCK_08,45575.39,362,59748.28,5130586.18,31.1
PF06_0032,S06_004,SYNTH_STOCK_04,24157.7,124,31664.95,930899.0,31.08
PF06_0096,S06_005,SYNTH_STOCK_05,27797.91,445,36321.0,3792775.05,30.66
PF06_0040,S06_007,SYNTH_STOCK_07,52787.38,303,68912.12,4885796.22,30.55
PF06_0295,S06_017,SYNTH_STOCK_17,33256.83,79,43402.82,801533.21,30.51
PF06_0074,S06_006,SYNTH_STOCK_06,42723.35,105,55732.73,1365984.9,30.45
PF06_0285,S06_008,SYNTH_STOCK_08,46203.55,216,59748.28,2925661.68,29.32
PF06_0250,S06_017,SYNTH_STOCK_17,33675.44,63,43402.82,612824.94,28.89
PF06_0056,S06_020,SYNTH_STOCK_20,42246.19,83,54438.64,1011973.35,28.86
PF06_0034,S06_006,SYNTH_STOCK_06,43873.08,350,55732.73,4150877.5,27.03
PF06_0061,S06_005,SYNTH_STOCK_05,28597.76,308,36321.0,2378757.92,27.01
PF06_0268,S06_003,SYNTH_STOCK_03,28089.09,355,35655.53,2686086.2,26.94
PF06_0011,S06_021,SYNTH_STOCK_21,57049.58,5,72404.8,76776.1,26.92
PF06_0263,S06_002,SYNTH_STOCK_02,50537.63,241,63966.53,3236364.9,26.57
PF06_0103,S06_018,SYNTH_STOCK_18,34526.46,55,43502.68,493692.1,26.0
PF06_0059,S06_017,SYNTH_STOCK_17,34558.28,318,43402.82,2812563.72,25.59
PF06_0159,S06_017,SYNTH_STOCK_17,34573.53,105,43402.82,927075.45,25.54
PF06_0054,S06_003,SYNTH_STOCK_03,28403.45,122,35655.53,884753.76,25.53
PF06_0165,S06_004,SYNTH_STOCK_04,25257.01,431,31664.95,2761822.14,25.37
PF06_0217,S06_005,SYNTH_STOCK_05,29044.67,9,36321.0,65486.97,25.05
PF06_0193,S06_017,SYNTH_STOCK_17,34765.2,201,43402.82,1736161.62,24.85
PF06_0122,S06_006,SYNTH_STOCK_06,44696.72,306,55732.73,3377019.06,24.69
PF06_0155,S06_002,SYNTH_STOCK_02,51451.47,341,63966.53,4267635.46,24.32
PF06_0007,S06_005,SYNTH_STOCK_05,29248.17,256,36321.0,1810644.48,24.18
PF06_0261,S06_023,SYNTH_STOCK_23,25197.28,11,31178.69,65795.51,23.74
PF06_0107,S06_001,SYNTH_STOCK_01,48172.53,307,59438.45,3458637.44,23.39
PF06_0277,S06_004,SYNTH_STOCK_04,25689.35,51,31664.95,304755.6,23.26
PF06_0271,S06_002,SYNTH_STOCK_02,52277.02,125,63966.53,1461188.75,22.36
PF06_0205,S06_016,SYNTH_STOCK_16,68359.45,410,83646.55,6267711.0,22.36
PF06_0276,S06_003,SYNTH_STOCK_03,29148.22,278,35655.53,1809032.18,22.32
PF06_0148,S06_023,SYNTH_STOCK_23,25521.46,234,31178.69,1323791.82,22.17
PF06_0033,S06_002,SYNTH_STOCK_02,52482.49,82,63966.53,941691.28,21.88
PF06_0125,S06_004,SYNTH_STOCK_04,26046.86,190,31664.95,1067437.1,21.57
PF06_0177,S06_001,SYNTH_STOCK_01,48942.49,93,59438.45,976124.28,21.45
PF06_0095,S06_004,SYNTH_STOCK_04,26206.16,460,31664.95,2511043.4,20.83
PF06_0081,S06_002,SYNTH_STOCK_02,52981.22,326,63966.53,3581211.06,20.73
PF06_0028,S06_001,SYNTH_STOCK_01,49315.25,280,59438.45,2834496.0,20.53
PF06_0071,S06_003,SYNTH_STOCK_03,29601.95,389,35655.53,2354842.62,20.45
PF06_0046,S06_001,SYNTH_STOCK_01,49613.07,107,59438.45,1051315.66,19.8
PF06_0139,S06_002,SYNTH_STOCK_02,53458.72,102,63966.53,1071796.62,19.66
PF06_0180,S06_020,SYNTH_STOCK_20,45540.68,449,54438.64,3995184.04,19.54
PF06_0012,S06_002,SYNTH_STOCK_02,53538.17,266,63966.53,2773943.76,19.48
PF06_0118,S06_002,SYNTH_STOCK_02,53623.72,369,63966.53,3816496.89,19.29
PF06_0283,S06_001,SYNTH_STOCK_01,49890.38,407,59438.45,3886064.49,19.14
PF06_0256,S06_004,SYNTH_STOCK_04,26713.68,393,31664.95,1945849.11,18.53
PF06_0123,S06_005,SYNTH_STOCK_05,30734.58,270,36321.0,1508333.4,18.18
PF06_0229,S06_001,SYNTH_STOCK_01,50421.93,78,59438.45,703288.56,17.88
PF06_0153,S06_006,SYNTH_STOCK_06,47361.52,184,55732.73,1540302.64,17.68
PF06_0244,S06_001,SYNTH_STOCK_01,50564.23,52,59438.45,461459.44,17.55
PF06_0124,S06_001,SYNTH_STOCK_01,50610.9,300,59438.45,2648265.0,17.44
PF06_0188,S06_002,SYNTH_STOCK_02,54505.54,89,63966.53,842028.11,17.36
PF06_0226,S06_002,SYNTH_STOCK_02,54706.26,134,63966.53,1240876.18,16.93
PF06_0234,S06_007,SYNTH_STOCK_07,58965.68,18,68912.12,179035.92,16.87
PF06_0232,S06_008,SYNTH_STOCK_08,51129.31,104,59748.28,896372.88,16.86
PF06_0194,S06_004,SYNTH_STOCK_04,27182.03,190,31664.95,851754.8,16.49
PF06_0208,S06_001,SYNTH_STOCK_01,51319.81,98,59438.45,795626.72,15.82
PF06_0196,S06_005,SYNTH_STOCK_05,31420.35,387,36321.0,1896551.55,15.6
PF06_0060,S06_023,SYNTH_STOCK_23,27070.89,108,31178.69,443642.4,15.17
PF06_0013,S06_004,SYNTH_STOCK_04,27603.58,205,31664.95,832580.85,14.71
PF06_0185,S06_006,SYNTH_STOCK_06,48588.32,172,55732.73,1228838.52,14.7
PF06_0218,S06_006,SYNTH_STOCK_06,48687.53,260,55732.73,1831752.0,14.47
PF06_0093,S06_007,SYNTH_STOCK_07,60273.94,272,68912.12,2349584.96,14.33
PF06_0189,S06_003,SYNTH_STOCK_03,31225.49,409,35655.53,1811886.36,14.19
PF06_0258,S06_005,SYNTH_STOCK_05,31818.9,31,36321.0,139565.1,14.15
PF06_0050,S06_016,SYNTH_STOCK_16,73400.18,307,83646.55,3145635.59,13.96
PF06_0291,S06_007,SYNTH_STOCK_07,60553.4,359,68912.12,3000780.48,13.8
PF06_0147,S06_016,SYNTH_STOCK_16,73514.52,415,83646.55,4204792.45,13.78
PF06_0288,S06_021,SYNTH_STOCK_21,64151.91,77,72404.8,635472.53,12.86
PF06_0183,S06_018,SYNTH_STOCK_18,38577.14,437,43502.68,2152460.98,12.77
PF06_0282,S06_027,SYNTH_STOCK_27,22759.18,455,25576.99,1282103.55,12.38
PF06_0062,S06_008,SYNTH_STOCK_08,53338.07,238,59748.28,1525629.98,12.02
PF06_0178,S06_016,SYNTH_STOCK_16,74697.6,283,83646.55,2532552.85,11.98
PF06_0142,S06_017,SYNTH_STOCK_17,38772.18,215,43402.82,995587.6,11.94
PF06_0199,S06_022,SYNTH_STOCK_22,46948.58,275,52398.83,1498818.75,11.61
PF06_0149,S06_018,SYNTH_STOCK_18,39039.97,490,43502.68,2186727.9,11.43
PF06_0252,S06_016,SYNTH_STOCK_16,75275.84,187,83646.55,1565322.77,11.12
PF06_0269,S06_021,SYNTH_STOCK_21,65240.51,418,72404.8,2994673.22,10.98
PF06_0100,S06_022,SYNTH_STOCK_22,47434.48,438,52398.83,2174385.3,10.47
PF06_0097,S06_016,SYNTH_STOCK_16,76007.95,352,83646.55,2688787.2,10.05
PF06_0278,S06_009,SYNTH_STOCK_09,48219.18,436,53057.92,2109690.64,10.03
PF06_0237,S06_029,SYNTH_STOCK_29,37062.73,272,40655.7,977287.84,9.69
PF06_0298,S06_022,SYNTH_STOCK_22,47796.19,158,52398.83,727217.12,9.63
PF06_0175,S06_003,SYNTH_STOCK_03,32639.87,450,35655.53,1357047.0,9.24
PF06_0176,S06_027,SYNTH_STOCK_27,23443.65,48,25576.99,102400.32,9.1
PF06_0255,S06_022,SYNTH_STOCK_22,48346.2,455,52398.83,1843946.65,8.38
PF06_0119,S06_029,SYNTH_STOCK_29,37609.98,300,40655.7,913716.0,8.1
PF06_0067,S06_023,SYNTH_STOCK_23,28943.79,20,31178.69,44698.0,7.72
PF06_0150,S06_029,SYNTH_STOCK_29,37805.92,377,40655.7,1074367.06,7.54
PF06_0251,S06_029,SYNTH_STOCK_29,37820.49,297,40655.7,842057.37,7.5
PF06_0136,S06_027,SYNTH_STOCK_27,23812.54,7,25576.99,12351.15,7.41
PF06_0022,S06_003,SYNTH_STOCK_03,33244.47,145,35655.53,349603.7,7.25
PF06_0201,S06_029,SYNTH_STOCK_29,37978.47,413,40655.7,1105695.99,7.05
PF06_0041,S06_027,SYNTH_STOCK_27,23924.28,318,25576.99,525561.78,6.91
PF06_0043,S06_029,SYNTH_STOCK_29,38180.97,209,40655.7,517218.57,6.48
PF06_0036,S06_026,SYNTH_STOCK_26,62222.65,289,66236.18,1159910.17,6.45
PF06_0152,S06_026,SYNTH_STOCK_26,62262.9,264,66236.18,1048945.92,6.38
PF06_0293,S06_029,SYNTH_STOCK_29,38229.71,106,40655.7,257154.94,6.35
PF06_0025,S06_029,SYNTH_STOCK_29,38269.09,145,40655.7,346058.45,6.24
PF06_0088,S06_029,SYNTH_STOCK_29,38356.68,285,40655.7,655220.7,5.99
PF06_0167,S06_029,SYNTH_STOCK_29,38357.11,375,40655.7,861971.25,5.99
PF06_0166,S06_008,SYNTH_STOCK_08,56396.16,56,59748.28,187718.72,5.94
PF06_0257,S06_008,SYNTH_STOCK_08,56421.54,356,59748.28,1184319.44,5.9
PF06_0197,S06_027,SYNTH_STOCK_27,24268.79,131,25576.99,171374.2,5.39
PF06_0259,S06_026,SYNTH_STOCK_26,63000.87,154,66236.18,498237.74,5.14
PF06_0137,S06_026,SYNTH_STOCK_26,63065.51,409,66236.18,1296804.03,5.03
PF06_0270,S06_027,SYNTH_STOCK_27,24379.61,246,25576.99,294555.48,4.91
PF06_0294,S06_026,SYNTH_STOCK_26,63188.22,21,66236.18,64007.16,4.82
PF06_0106,S06_026,SYNTH_STOCK_26,63366.59,167,66236.18,479221.53,4.53
PF06_0214,S06_009,SYNTH_STOCK_09,50769.26,48,53057.92,109855.68,4.51
PF06_0172,S06_009,SYNTH_STOCK_09,50873.88,232,53057.92,506697.28,4.29
PF06_0057,S06_008,SYNTH_STOCK_08,57297.72,436,59748.28,1068444.16,4.28
PF06_0297,S06_016,SYNTH_STOCK_16,80523.53,124,83646.55,387254.48,3.88
PF06_0001,S06_027,SYNTH_STOCK_27,24633.81,65,25576.99,61306.7,3.83
PF06_0238,S06_022,SYNTH_STOCK_22,50494.08,351,52398.83,668567.25,3.77
PF06_0198,S06_030,SYNTH_STOCK_30,58283.75,403,60455.42,875183.01,3.73
PF06_0005,S06_026,SYNTH_STOCK_26,63857.1,210,66236.18,499606.8,3.73
PF06_0098,S06_027,SYNTH_STOCK_27,24687.64,441,25576.99,392203.35,3.6
PF06_0083,S06_026,SYNTH_STOCK_26,64178.43,420,66236.18,864255.0,3.21
PF06_0161,S06_025,SYNTH_STOCK_25,72186.29,451,74485.74,1037051.95,3.19
PF06_0140,S06_025,SYNTH_STOCK_25,72226.77,278,74485.74,627993.66,3.13
PF06_0253,S06_028,SYNTH_STOCK_28,61357.41,398,62873.49,603399.84,2.47
PF06_0133,S06_030,SYNTH_STOCK_30,59060.58,460,60455.42,641626.4,2.36
PF06_0236,S06_026,SYNTH_STOCK_26,64728.46,43,66236.18,64831.96,2.33
PF06_0121,S06_008,SYNTH_STOCK_08,58484.49,489,59748.28,617993.31,2.16
PF06_0108,S06_025,SYNTH_STOCK_25,72908.33,338,74485.74,533164.58,2.16
PF06_0240,S06_017,SYNTH_STOCK_17,42522.94,137,43402.82,120543.56,2.07
PF06_0207,S06_009,SYNTH_STOCK_09,52039.38,403,53057.92,410471.62,1.96
PF06_0220,S06_028,SYNTH_STOCK_28,61739.54,390,62873.49,442240.5,1.84
PF06_0247,S06_025,SYNTH_STOCK_25,73253.36,301,74485.74,370946.38,1.68
PF06_0051,S06_009,SYNTH_STOCK_09,52189.41,267,53057.92,231892.17,1.66
PF06_0192,S06_008,SYNTH_STOCK_08,58777.13,54,59748.28,52442.1,1.65
PF06_0079,S06_019,SYNTH_STOCK_19,74378.25,440,75579.9,528726.0,1.62
PF06_0049,S06_019,SYNTH_STOCK_19,74385.72,349,75579.9,416768.82,1.61
PF06_0202,S06_026,SYNTH_STOCK_26,65200.24,191,66236.18,197864.54,1.59
PF06_0064,S06_009,SYNTH_STOCK_09,52461.98,130,53057.92,77472.2,1.14
PF06_0284,S06_025,SYNTH_STOCK_25,73701.76,241,74485.74,188939.18,1.06
PF06_0006,S06_016,SYNTH_STOCK_16,82793.84,487,83646.55,415269.77,1.03
PF06_0085,S06_030,SYNTH_STOCK_30,59851.93,418,60455.42,252258.82,1.01
PF06_0042,S06_030,SYNTH_STOCK_30,59914.82,137,60455.42,74062.2,0.9
PF06_0027,S06_030,SYNTH_STOCK_30,59948.49,283,60455.42,143461.19,0.85
PF06_0224,S06_025,SYNTH_STOCK_25,74059.22,295,74485.74,125823.4,0.58
PF06_0184,S06_024,SYNTH_STOCK_24,23605.77,210,23731.2,26340.3,0.53
PF06_0265,S06_009,SYNTH_STOCK_09,52826.68,241,53057.92,55728.84,0.44
PF06_0017,S06_025,SYNTH_STOCK_25,74461.17,306,74485.74,7518.42,0.03
PF06_0084,S06_027,SYNTH_STOCK_27,25619.62,313,25576.99,-13343.19,-0.17
PF06_0141,S06_024,SYNTH_STOCK_24,23782.4,56,23731.2,-2867.2,-0.22
PF06_0215,S06_023,SYNTH_STOCK_23,31267.32,26,31178.69,-2304.38,-0.28
PF06_0173,S06_030,SYNTH_STOCK_30,60658.41,435,60455.42,-88300.65,-0.33
PF06_0243,S06_030,SYNTH_STOCK_30,60730.72,450,60455.42,-123885.0,-0.45
PF06_0231,S06_027,SYNTH_STOCK_27,25758.21,219,25576.99,-39687.18,-0.7
PF06_0272,S06_028,SYNTH_STOCK_28,63524.35,224,62873.49,-145792.64,-1.02
PF06_0280,S06_030,SYNTH_STOCK_30,61117.57,240,60455.42,-158916.0,-1.08
PF06_0072,S06_017,SYNTH_STOCK_17,43875.12,205,43402.82,-96821.5,-1.08
PF06_0300,S06_024,SYNTH_STOCK_24,23990.45,197,23731.2,-51072.25,-1.08
PF06_0168,S06_028,SYNTH_STOCK_28,63605.63,137,62873.49,-100303.18,-1.15
PF06_0112,S06_028,SYNTH_STOCK_28,63609.71,193,62873.49,-142090.46,-1.16
PF06_0055,S06_024,SYNTH_STOCK_24,24026.03,308,23731.2,-90807.64,-1.23
PF06_0104,S06_024,SYNTH_STOCK_24,24027.31,260,23731.2,-76988.6,-1.23
PF06_0227,S06_030,SYNTH_STOCK_30,61222.72,494,60455.42,-379046.2,-1.25
PF06_0063,S06_028,SYNTH_STOCK_28,63786.15,321,62873.49,-292963.86,-1.43
PF06_0053,S06_028,SYNTH_STOCK_28,63891.37,307,62873.49,-312489.16,-1.59
PF06_0002,S06_028,SYNTH_STOCK_28,63905.46,328,62873.49,-338486.16,-1.61
PF06_0186,S06_028,SYNTH_STOCK_28,63928.57,247,62873.49,-260604.76,-1.65
PF06_0076,S06_025,SYNTH_STOCK_25,75881.33,425,74485.74,-593125.75,-1.84
PF06_0110,S06_030,SYNTH_STOCK_30,61868.31,87,60455.42,-122921.43,-2.28
PF06_0039,S06_025,SYNTH_STOCK_25,76416.35,376,74485.74,-725909.36,-2.53
PF06_0289,S06_011,SYNTH_STOCK_11,36526.14,494,35560.45,-477050.86,-2.64
PF06_0129,S06_028,SYNTH_STOCK_28,64794.89,72,62873.49,-138340.8,-2.97
PF06_0078,S06_024,SYNTH_STOCK_24,24550.94,427,23731.2,-350028.98,-3.34
PF06_0154,S06_019,SYNTH_STOCK_19,78536.85,298,75579.9,-881171.1,-3.77
PF06_0262,S06_024,SYNTH_STOCK_24,24685.83,321,23731.2,-306436.23,-3.87
PF06_0024,S06_024,SYNTH_STOCK_24,24727.09,451,23731.2,-449146.39,-4.03
PF06_0206,S06_025,SYNTH_STOCK_25,77619.37,280,74485.74,-877416.4,-4.04
PF06_0162,S06_011,SYNTH_STOCK_11,37112.1,142,35560.45,-220334.3,-4.18
PF06_0213,S06_011,SYNTH_STOCK_11,37116.08,490,35560.45,-762258.7,-4.19
PF06_0222,S06_024,SYNTH_STOCK_24,24818.61,401,23731.2,-436051.41,-4.38
PF06_0047,S06_011,SYNTH_STOCK_11,37207.73,117,35560.45,-192731.76,-4.43
PF06_0171,S06_024,SYNTH_STOCK_24,24845.56,145,23731.2,-161582.2,-4.49
PF06_0077,S06_013,SYNTH_STOCK_13,39091.94,200,37213.07,-375774.0,-4.81
PF06_0092,S06_011,SYNTH_STOCK_11,37475.03,216,35560.45,-413549.28,-5.11
PF06_0020,S06_019,SYNTH_STOCK_19,79655.92,436,75579.9,-1777144.72,-5.12
PF06_0264,S06_011,SYNTH_STOCK_11,37504.48,10,35560.45,-19440.3,-5.18
PF06_0082,S06_011,SYNTH_STOCK_11,37591.98,35,35560.45,-71103.55,-5.4
PF06_0068,S06_021,SYNTH_STOCK_21,76877.24,308,72404.8,-1377511.52,-5.82
PF06_0204,S06_011,SYNTH_STOCK_11,37834.02,167,35560.45,-379686.19,-6.01
PF06_0014,S06_011,SYNTH_STOCK_11,37895.61,52,35560.45,-121428.32,-6.16
PF06_0195,S06_020,SYNTH_STOCK_20,58343.42,340,54438.64,-1327625.2,-6.69
PF06_0273,S06_023,SYNTH_STOCK_23,33499.44,251,31178.69,-582508.25,-6.93
PF06_0191,S06_019,SYNTH_STOCK_19,81318.26,427,75579.9,-2450279.72,-7.06
PF06_0021,S06_020,SYNTH_STOCK_20,58813.53,169,54438.64,-739356.41,-7.44
PF06_0228,S06_016,SYNTH_STOCK_16,90502.82,95,83646.55,-651345.65,-7.58
PF06_0120,S06_017,SYNTH_STOCK_17,47903.25,70,43402.82,-315030.1,-9.39
PF06_0070,S06_012,SYNTH_STOCK_12,52231.52,290,47276.73,-1436889.1,-9.49
PF06_0004,S06_009,SYNTH_STOCK_09,58730.4,400,53057.92,-2268992.0,-9.66
PF06_0249,S06_012,SYNTH_STOCK_12,52464.98,485,47276.73,-2516301.25,-9.89
PF06_0290,S06_020,SYNTH_STOCK_20,60654.43,22,54438.64,-136747.38,-10.25
PF06_0030,S06_017,SYNTH_STOCK_17,48460.24,361,43402.82,-1825728.62,-10.44
PF06_0138,S06_009,SYNTH_STOCK_09,59657.42,481,53057.92,-3174359.5,-11.06
PF06_0105,S06_009,SYNTH_STOCK_09,59656.97,48,53057.92,-316754.4,-11.06
PF06_0274,S06_010,SYNTH_STOCK_10,57642.91,169,51028.93,-1117762.62,-11.47
PF06_0241,S06_010,SYNTH_STOCK_10,58839.54,336,51028.93,-2624364.96,-13.27
PF06_0073,S06_016,SYNTH_STOCK_16,98754.37,161,83646.55,-2432359.02,-15.3
PF06_0170,S06_013,SYNTH_STOCK_13,44427.46,41,37213.07,-295789.99,-16.24
PF06_0130,S06_022,SYNTH_STOCK_22,62618.09,10,52398.83,-102192.6,-16.32
PF06_0135,S06_011,SYNTH_STOCK_11,42675.15,218,35560.45,-1551004.6,-16.67
PF06_0210,S06_010,SYNTH_STOCK_10,61332.72,99,51028.93,-1020075.21,-16.8
PF06_0029,S06_013,SYNTH_STOCK_13,44823.93,244,37213.07,-1857049.84,-16.98
PF06_0019,S06_012,SYNTH_STOCK_12,57041.18,7,47276.73,-68351.15,-17.12
PF06_0113,S06_013,SYNTH_STOCK_13,45076.78,466,37213.07,-3664488.86,-17.45
PF06_0023,S06_022,SYNTH_STOCK_22,63513.68,151,52398.83,-1678342.35,-17.5
PF06_0117,S06_012,SYNTH_STOCK_12,59614.87,462,47276.73,-5700220.68,-20.7
PF06_0151,S06_022,SYNTH_STOCK_22,66683.8,5,52398.83,-71424.85,-21.42
PF06_0038,S06_012,SYNTH_STOCK_12,60177.0,149,47276.73,-1922140.23,-21.44
PF06_0296,S06_013,SYNTH_STOCK_13,47467.41,60,37213.07,-615260.4,-21.6
PF06_0086,S06_022,SYNTH_STOCK_22,67412.05,93,52398.83,-1396229.46,-22.27
PF06_0128,S06_013,SYNTH_STOCK_13,47954.71,465,37213.07,-4994862.6,-22.4
PF06_0212,S06_015,SYNTH_STOCK_15,57402.43,282,44307.88,-3692663.1,-22.81
PF06_0164,S06_010,SYNTH_STOCK_10,66367.34,463,51028.93,-7101683.83,-23.11
PF06_0066,S06_020,SYNTH_STOCK_20,70973.09,57,54438.64,-942463.65,-23.3
PF06_0242,S06_013,SYNTH_STOCK_13,49293.5,364,37213.07,-4397276.52,-24.51
PF06_0182,S06_013,SYNTH_STOCK_13,50268.09,301,37213.07,-3929561.02,-25.97
PF06_0094,S06_010,SYNTH_STOCK_10,68939.12,155,51028.93,-2776079.45,-25.98
PF06_0143,S06_012,SYNTH_STOCK_12,63969.04,216,47276.73,-3605538.96,-26.09
PF06_0145,S06_010,SYNTH_STOCK_10,69389.07,202,51028.93,-3708748.28,-26.46
PF06_0187,S06_014,SYNTH_STOCK_14,23608.92,90,17245.54,-572704.2,-26.95
PF06_0281,S06_019,SYNTH_STOCK_19,104246.54,103,75579.9,-2952663.92,-27.5
PF06_0089,S06_014,SYNTH_STOCK_14,23799.38,58,17245.54,-380122.72,-27.54
PF06_0267,S06_020,SYNTH_STOCK_20,75225.42,110,54438.64,-2286545.8,-27.63
PF06_0134,S06_015,SYNTH_STOCK_15,61408.9,210,44307.88,-3591214.2,-27.85
PF06_0216,S06_013,SYNTH_STOCK_13,51708.47,252,37213.07,-3652840.8,-28.03
PF06_0158,S06_015,SYNTH_STOCK_15,61994.05,354,44307.88,-6260904.18,-28.53
PF06_0044,S06_015,SYNTH_STOCK_15,62010.68,32,44307.88,-566489.6,-28.55
PF06_0286,S06_014,SYNTH_STOCK_14,24282.52,221,17245.54,-1555172.58,-28.98
PF06_0132,S06_014,SYNTH_STOCK_14,24327.99,197,17245.54,-1395242.65,-29.11
PF06_0087,S06_010,SYNTH_STOCK_10,72015.59,34,51028.93,-713546.44,-29.14
PF06_0115,S06_014,SYNTH_STOCK_14,24396.64,396,17245.54,-2831835.6,-29.31
PF06_0031,S06_022,SYNTH_STOCK_22,74149.53,198,52398.83,-4306638.6,-29.33
PF06_0037,S06_013,SYNTH_STOCK_13,52980.66,22,37213.07,-346886.98,-29.76
PF06_0109,S06_015,SYNTH_STOCK_15,63099.52,275,44307.88,-5167701.0,-29.78
PF06_0246,S06_019,SYNTH_STOCK_19,107779.34,80,75579.9,-2575955.2,-29.88
PF06_0003,S06_015,SYNTH_STOCK_15,63627.02,494,44307.88,-9543655.16,-30.36
PF06_0260,S06_015,SYNTH_STOCK_15,63757.79,118,44307.88,-2295089.38,-30.51
PF06_0058,S06_010,SYNTH_STOCK_10,73430.33,281,51028.93,-6294793.4,-30.51
PF06_0248,S06_014,SYNTH_STOCK_14,24854.43,267,17245.54,-2031573.63,-30.61
PF06_0127,S06_019,SYNTH_STOCK_19,109020.58,263,75579.9,-8794898.84,-30.67
PF06_0052,S06_014,SYNTH_STOCK_14,24889.88,341,17245.54,-2606719.94,-30.71
PF06_0219,S06_010,SYNTH_STOCK_10,74350.74,351,51028.93,-8185955.31,-31.37
PF06_0114,S06_019,SYNTH_STOCK_19,110445.25,35,75579.9,-1220287.25,-31.57
PF06_0230,S06_019,SYNTH_STOCK_19,112524.99,67,75579.9,-2475321.03,-32.83
PF06_0026,S06_010,SYNTH_STOCK_10,76086.41,442,51028.93,-11075406.16,-32.93
PF06_0018,S06_014,SYNTH_STOCK_14,25751.47,437,17245.54,-3717091.41,-33.03
PF06_0211,S06_014,SYNTH_STOCK_14,26243.02,145,17245.54,-1304634.6,-34.29
PF06_0156,S06_012,SYNTH_STOCK_12,72187.13,388,47276.73,-9665235.2,-34.51
PF06_0275,S06_015,SYNTH_STOCK_15,68106.22,201,44307.88,-4783466.34,-34.94
PF06_0181,S06_015,SYNTH_STOCK_15,68474.63,293,44307.88,-7080857.75,-35.29
PF06_0203,S06_012,SYNTH_STOCK_12,73719.88,332,47276.73,-8779125.8,-35.87
PF06_0080,S06_015,SYNTH_STOCK_15,69870.9,45,44307.88,-1150335.9,-36.59
PF06_0179,S06_014,SYNTH_STOCK_14,27402.74,309,17245.54,-3138574.8,-37.07
PF06_0221,S06_012,SYNTH_STOCK_12,75842.76,373,47276.73,-10655129.19,-37.66
PF06_0287,S06_012,SYNTH_STOCK_12,75916.55,163,47276.73,-4668290.66,-37.73
