trade_date,코스닥,코스피
2025-01-02,,
2025-01-03,2.79,1.79
2025-01-06,1.73,1.91
2025-01-07,0.05,0.14
2025-01-08,0.19,1.16
2025-01-09,0.54,0.03
2025-01-10,-0.78,-0.24
2025-01-13,-1.35,-1.04
2025-01-14,1.39,0.31
2025-01-15,-0.9,-0.02
2025-01-16,1.77,1.23
2025-01-17,0.06,-0.16
2025-01-20,0.41,-0.14
2025-01-21,-0.22,-0.08
2025-01-22,0.86,1.15
2025-01-23,-1.13,-1.24
2025-01-24,0.65,0.85
2025-01-31,-0.06,-0.77
2025-02-03,-3.36,-2.52
2025-02-04,2.29,1.13
2025-02-05,1.54,1.11
2025-02-06,1.28,1.1
2025-02-07,0.35,-0.58
2025-02-10,0.91,-0.03
2025-02-11,-0.01,0.71
2025-02-12,-0.59,0.37
2025-02-13,0.55,1.36
2025-02-14,0.94,0.31
2025-02-17,1.61,0.75
2025-02-18,0.67,0.63
2025-02-19,0.6,1.7
2025-02-20,-1.28,-0.65
2025-02-21,0.83,0.02
2025-02-24,-0.17,-0.35
2025-02-25,-0.5,-0.57
2025-02-26,0.26,0.41
2025-02-27,-0.07,-0.73
2025-02-28,-3.49,-3.39
2025-03-04,-0.81,-0.15
2025-03-05,1.23,1.16
2025-03-06,-1.61,0.7
2025-03-07,-0.98,-0.49
2025-03-10,-0.26,0.27
2025-03-11,-0.6,-1.28
2025-03-12,1.11,1.47
2025-03-13,-0.92,-0.05
2025-03-14,1.59,-0.28
2025-03-17,1.26,1.73
2025-03-18,0.27,0.06
2025-03-19,-0.96,0.62
2025-03-20,-1.79,0.32
2025-03-21,-0.79,0.23
2025-03-24,0.11,-0.42
2025-03-25,-1.24,-0.62
2025-03-26,0.73,1.08
2025-03-27,-1.25,-1.39
2025-03-28,-1.94,-1.89
2025-03-31,-3.01,-3.0
2025-04-01,2.76,1.62
2025-04-02,-0.95,-0.62
2025-04-03,-0.2,-0.76
2025-04-04,0.57,-0.86
2025-04-07,-5.25,-5.57
2025-04-08,1.1,0.26
2025-04-09,-2.29,-1.74
2025-04-10,5.97,6.6
2025-04-11,2.02,-0.5
2025-04-14,1.92,0.95
2025-04-15,0.41,0.88
2025-04-16,-1.8,-1.21
2025-04-17,1.81,0.94
2025-04-18,0.85,0.53
2025-04-21,-0.32,0.2
2025-04-22,0.09,-0.07
2025-04-23,1.39,1.57
2025-04-24,0.0,-0.13
2025-04-25,0.5,0.95
2025-04-28,-1.41,0.1
2025-04-29,0.98,0.65
2025-04-30,-1.27,-0.34
2025-05-02,0.64,0.12
2025-05-07,0.13,0.55
2025-05-08,0.94,0.22
2025-05-09,-0.97,-0.09
2025-05-12,0.4,1.17
2025-05-13,0.89,0.04
2025-05-14,0.98,1.23
2025-05-15,-0.79,-0.73
2025-05-16,-1.11,0.21
2025-05-19,-1.56,-0.89
2025-05-20,0.25,-0.06
2025-05-21,1.13,0.91
2025-05-22,-0.82,-1.22
2025-05-23,-0.24,-0.06
2025-05-26,1.3,2.02
2025-05-27,0.25,-0.27
2025-05-28,0.23,1.25
2025-05-29,1.03,1.89
2025-05-30,-0.26,-0.84
2025-06-02,0.81,0.05
2025-06-04,1.34,2.66
2025-06-05,0.8,1.49
2025-06-09,1.06,1.55
2025-06-10,0.91,0.56
2025-06-11,1.96,1.23
2025-06-12,0.4,0.45
2025-06-13,-2.61,-0.87
2025-06-16,1.09,1.8
2025-06-17,-0.21,0.12
2025-06-18,0.53,0.74
2025-06-19,0.36,0.19
2025-06-20,1.15,1.48
2025-06-23,-0.85,-0.24
2025-06-24,2.06,2.96
2025-06-25,-0.34,0.15
2025-06-26,-1.29,-0.92
2025-06-27,-0.81,-0.77
2025-06-30,-0.01,0.52
2025-07-01,0.28,0.58
2025-07-02,-0.19,-0.47
2025-07-03,1.43,1.34
2025-07-04,-2.21,-1.99
2025-07-07,0.34,0.17
2025-07-08,0.74,1.81
2025-07-09,0.78,0.6
2025-07-10,0.93,1.58
2025-07-11,0.35,-0.23
2025-07-14,-0.14,0.83
2025-07-15,1.69,0.41
2025-07-16,-0.08,-0.9
2025-07-17,0.74,0.19
2025-07-18,0.29,-0.13
2025-07-21,0.12,0.71
2025-07-22,-1.06,-1.27
2025-07-23,0.07,0.44
2025-07-24,-0.45,0.21
2025-07-25,-0.36,0.18
2025-07-28,-0.32,0.42
2025-07-29,0.01,0.66
2025-07-30,-0.1,0.74
2025-07-31,0.2,-0.28
2025-08-01,-4.03,-3.88
2025-08-04,1.46,0.91
2025-08-05,1.85,1.6
2025-08-06,0.61,0.0
2025-08-07,0.29,0.92
2025-08-08,0.43,-0.55
2025-08-11,0.32,-0.1
2025-08-12,-0.57,-0.53
2025-08-13,0.86,1.08
2025-08-14,0.14,0.04
2025-08-18,-2.11,-1.5
2025-08-19,-1.26,-0.81
2025-08-20,-1.31,-0.68
2025-08-21,-0.05,0.37
2025-08-22,0.68,0.86
2025-08-25,1.98,1.3
2025-08-26,0.46,-0.95
2025-08-27,0.01,0.25
2025-08-28,-0.41,0.29
2025-08-29,-0.19,-0.32
2025-09-01,-1.49,-1.35
2025-09-02,1.15,0.94
2025-09-03,0.35,0.38
2025-09-04,1.08,0.52
2025-09-05,0.74,0.13
2025-09-08,0.89,0.45
2025-09-09,0.76,1.26
2025-09-10,0.99,1.67
2025-09-11,0.21,0.9
2025-09-12,1.48,1.54
2025-09-15,0.66,0.35
2025-09-16,-0.1,1.24
2025-09-17,-0.74,-1.05
2025-09-18,1.37,1.4
2025-09-19,0.7,-0.46
2025-09-22,1.3,0.68
2025-09-23,-0.25,0.51
2025-09-24,-1.29,-0.4
2025-09-25,-0.98,-0.03
2025-09-26,-2.03,-2.45
2025-09-29,1.38,1.33
2025-09-30,-0.56,-0.19
2025-10-01,0.4,0.91
2025-10-02,1.05,2.7
2025-10-10,0.61,1.73
2025-10-13,0.12,-0.72
2025-10-14,-1.46,-0.63
2025-10-15,1.98,2.68
2025-10-16,0.08,2.49
2025-10-17,-0.68,0.01
2025-10-20,1.89,1.76
2025-10-21,-0.37,0.24
2025-10-22,0.76,1.56
2025-10-23,-0.81,-0.98
2025-10-24,1.27,2.5
2025-10-27,2.22,2.57
2025-10-28,0.07,-0.8
2025-10-29,-0.19,1.76
2025-10-30,-1.19,0.14
2025-10-31,1.07,0.5
2025-11-03,1.57,2.78
2025-11-04,1.31,-2.37
2025-11-05,-2.66,-2.85
2025-11-06,-0.41,0.55
2025-11-07,-2.38,-1.81
2025-11-10,1.32,3.02
2025-11-11,-0.46,0.81
2025-11-12,2.52,1.07
2025-11-13,1.31,0.49
2025-11-14,-2.23,-3.81
2025-11-17,0.53,1.94
2025-11-18,-2.66,-3.32
2025-11-19,-0.84,-0.61
2025-11-20,2.37,1.92
2025-11-21,-3.14,-3.79
2025-11-24,-0.87,-0.19
2025-11-25,-0.05,0.3
2025-11-26,2.49,2.67
2025-11-27,0.31,0.66
2025-11-28,3.71,-1.51
2025-12-01,1.06,-0.16
2025-12-02,0.65,1.9
2025-12-03,0.39,1.04
2025-12-04,-0.23,-0.19
2025-12-05,-0.55,1.78
2025-12-08,0.33,1.34
2025-12-09,0.38,-0.27
2025-12-10,0.39,-0.21
2025-12-11,-0.04,-0.59
2025-12-12,0.29,1.38
2025-12-15,0.16,-1.84
2025-12-16,-2.42,-2.24
2025-12-17,-0.55,1.43
2025-12-18,-1.07,-1.53
