ticker,name,positions,quantity,buy_price,close_price,cost_amount,eval_amount,pnl,pnl_pct,weight_pct
S06_023,SYNTH_STOCK_23,10,1910,23102.82,31178.69,44126383.5,59551297.9,15424914.4,34.96,1.6
S06_007,SYNTH_STOCK_07,10,1993,51527.61,68912.12,102694529.88,137341855.16,34647325.28,33.74,3.69
S06_021,SYNTH_STOCK_21,10,2378,54488.7,72404.8,129574117.76,172178614.4,42604496.64,32.88,4.62
S06_018,SYNTH_STOCK_18,10,3010,33351.85,43502.68,100389055.12,130943066.8,30554011.68,30.44,3.51
S06_006,SYNTH_STOCK_06,10,2626,43129.66,55732.73,113258478.89,146354148.98,33095670.09,29.22,3.93
S06_005,SYNTH_STOCK_05,10,2045,29174.54,36321.0,59661929.11,74276445.0,14614515.89,24.5,1.99
S06_004,SYNTH_STOCK_04,10,2500,25766.54,31664.95,64416345.02,79162375.0,14746029.98,22.89,2.12
S06_003,SYNTH_STOCK_03,10,2829,29367.9,35655.53,83081783.34,100869494.37,17787711.03,21.41,2.71
S06_002,SYNTH_STOCK_02,10,2075,52769.79,63966.53,109497316.74,132730549.75,23233233.01,21.22,3.56
S06_001,SYNTH_STOCK_01,10,1764,49514.92,59438.45,87344326.35,104849425.8,17505099.45,20.04,2.81
S06_008,SYNTH_STOCK_08,10,2592,52792.28,59748.28,136837578.57,154867541.76,18029963.19,13.18,4.16
S06_020,SYNTH_STOCK_20,10,2103,48423.01,54438.64,101833597.88,114484459.92,12650862.04,12.42,3.07
S06_016,SYNTH_STOCK_16,10,2821,77222.01,83646.55,217843296.11,235966917.55,18123621.44,8.32,6.33
S06_017,SYNTH_STOCK_17,10,1754,40113.93,43402.82,70359836.4,76128546.28,5768709.88,8.2,2.04
S06_029,SYNTH_STOCK_29,10,2779,37938.63,40655.7,105431442.13,112982190.3,7550748.17,7.16,3.03
S06_027,SYNTH_STOCK_27,10,2243,24333.64,25576.99,54580362.41,57369188.57,2788826.16,5.11,1.54
S06_026,SYNTH_STOCK_26,10,2168,63388.54,66236.18,137426353.39,143600038.24,6173684.85,4.49,3.85
S06_030,SYNTH_STOCK_30,10,3407,60128.59,60455.42,204858093.6,205971615.94,1113522.34,0.54,5.53
S06_025,SYNTH_STOCK_25,10,3291,74274.56,74485.74,244437584.28,245132570.34,694986.06,0.28,6.58
S06_028,SYNTH_STOCK_28,10,2617,63135.4,62873.49,165225354.01,164539923.33,-685430.68,-0.41,4.42
S06_022,SYNTH_STOCK_22,10,2134,52699.62,52398.83,112460996.01,111819103.22,-641892.79,-0.57,3.0
S06_009,SYNTH_STOCK_09,10,2686,53898.69,53057.92,144771870.59,142513573.12,-2258297.47,-1.56,3.82
S06_024,SYNTH_STOCK_24,10,2776,24415.15,23731.2,67776451.8,65877811.2,-1898640.6,-2.8,1.77
S06_011,SYNTH_STOCK_11,10,1941,37728.71,35560.45,73231421.31,69022833.45,-4208587.86,-5.75,1.85
S06_019,SYNTH_STOCK_19,10,2498,84459.89,75579.9,210980817.16,188798590.2,-22182226.96,-10.51,5.07
S06_013,SYNTH_STOCK_13,10,2415,47204.7,37213.07,113999355.06,89869564.05,-24129791.01,-21.17,2.41
S06_010,SYNTH_STOCK_10,10,2532,68650.74,51028.93,173823666.42,129205250.76,-44618415.66,-25.67,3.47
S06_012,SYNTH_STOCK_12,10,2865,64385.71,47276.73,184465053.67,135447831.45,-49017222.22,-26.57,3.63
S06_015,SYNTH_STOCK_15,10,2304,63462.56,44307.88,146217732.13,102085355.52,-44132376.61,-30.18,2.74
S06_014,SYNTH_STOCK_14,10,2461,25182.83,17245.54,61974946.07,42441273.94,-19533672.13,-31.52,1.14
