position_id,ticker,name,quantity,buy_price,close_price,pnl,pnl_pct,rank
PF06_0163,S06_021,SYNTH_STOCK_21,499,42533.76,72404.8,14905648.96,70.23,best
PF06_0065,S06_018,SYNTH_STOCK_18,319,26317.5,43502.68,5482072.42,65.3,best
PF06_0016,S06_023,SYNTH_STOCK_23,454,18899.1,31178.69,5574933.86,64.97,best
PF06_0169,S06_023,SYNTH_STOCK_23,131,19052.97,31178.69,1588469.32,63.64,best
PF06_0190,S06_023,SYNTH_STOCK_23,422,19236.33,31178.69,5039675.92,62.08,best
PF06_0203,S06_012,SYNTH_STOCK_12,332,73719.88,47276.73,-8779125.8,-35.87,worst
PF06_0080,S06_015,SYNTH_STOCK_15,45,69870.9,44307.88,-1150335.9,-36.59,worst
PF06_0179,S06_014,SYNTH_STOCK_14,309,27402.74,17245.54,-3138574.8,-37.07,worst
PF06_0221,S06_012,SYNTH_STOCK_12,373,75842.76,47276.73,-10655129.19,-37.66,worst
PF06_0287,S06_012,SYNTH_STOCK_12,163,75916.55,47276.73,-4668290.66,-37.73,worst
