ticker,name,positions,quantity,buy_price,close_price
S06_001,SYNTH_STOCK_01,10,1764,49514.92,59438.45
S06_002,SYNTH_STOCK_02,10,2075,52769.79,63966.53
S06_003,SYNTH_STOCK_03,10,2829,29367.9,35655.53
S06_004,SYNTH_STOCK_04,10,2500,25766.54,31664.95
S06_005,SYNTH_STOCK_05,10,2045,29174.54,36321.0
S06_006,SYNTH_STOCK_06,10,2626,43129.66,55732.73
S06_007,SYNTH_STOCK_07,10,1993,51527.61,68912.12
S06_008,SYNTH_STOCK_08,10,2592,52792.28,59748.28
S06_009,SYNTH_STOCK_09,10,2686,53898.69,53057.92
S06_010,SYNTH_STOCK_10,10,2532,68650.74,51028.93
S06_011,SYNTH_STOCK_11,10,1941,37728.71,35560.45
S06_012,SYNTH_STOCK_12,10,2865,64385.71,47276.73
S06_013,SYNTH_STOCK_13,10,2415,47204.7,37213.07
S06_014,SYNTH_STOCK_14,10,2461,25182.83,17245.54
S06_015,SYNTH_STOCK_15,10,2304,63462.56,44307.88
S06_016,SYNTH_STOCK_16,10,2821,77222.01,83646.55
S06_017,SYNTH_STOCK_17,10,1754,40113.93,43402.82
S06_018,SYNTH_STOCK_18,10,3010,33351.85,43502.68
S06_019,SYNTH_STOCK_19,10,2498,84459.89,75579.9
S06_020,SYNTH_STOCK_20,10,2103,48423.01,54438.64
S06_021,SYNTH_STOCK_21,10,2378,54488.7,72404.8
S06_022,SYNTH_STOCK_22,10,2134,52699.62,52398.83
S06_023,SYNTH_STOCK_23,10,1910,23102.82,31178.69
S06_024,SYNTH_STOCK_24,10,2776,24415.15,23731.2
S06_025,SYNTH_STOCK_25,10,3291,74274.56,74485.74
S06_026,SYNTH_STOCK_26,10,2168,63388.54,66236.18
S06_027,SYNTH_STOCK_27,10,2243,24333.64,25576.99
S06_028,SYNTH_STOCK_28,10,2617,63135.4,62873.49
S06_029,SYNTH_STOCK_29,10,2779,37938.63,40655.7
S06_030,SYNTH_STOCK_30,10,3407,60128.59,60455.42
